{
  "hash": "068f13ad",
  "configHash": "35d4cb90",
  "lockfileHash": "8301e3b7",
  "browserHash": "85d7ffce",
  "optimized": {
    "@angular/animations": {
      "src": "../../../../../../node_modules/@angular/animations/fesm2022/animations.mjs",
      "file": "@angular_animations.js",
      "fileHash": "6db597ba",
      "needsInterop": false
    },
    "@angular/common": {
      "src": "../../../../../../node_modules/@angular/common/fesm2022/common.mjs",
      "file": "@angular_common.js",
      "fileHash": "d7fd5c87",
      "needsInterop": false
    },
    "@angular/common/http": {
      "src": "../../../../../../node_modules/@angular/common/fesm2022/http.mjs",
      "file": "@angular_common_http.js",
      "fileHash": "9511ad6d",
      "needsInterop": false
    },
    "@angular/core": {
      "src": "../../../../../../node_modules/@angular/core/fesm2022/core.mjs",
      "file": "@angular_core.js",
      "fileHash": "10d0a973",
      "needsInterop": false
    },
    "@angular/forms": {
      "src": "../../../../../../node_modules/@angular/forms/fesm2022/forms.mjs",
      "file": "@angular_forms.js",
      "fileHash": "c29b504d",
      "needsInterop": false
    },
    "@angular/platform-browser": {
      "src": "../../../../../../node_modules/@angular/platform-browser/fesm2022/platform-browser.mjs",
      "file": "@angular_platform-browser.js",
      "fileHash": "0b11f16e",
      "needsInterop": false
    },
    "@angular/platform-browser/animations/async": {
      "src": "../../../../../../node_modules/@angular/platform-browser/fesm2022/animations/async.mjs",
      "file": "@angular_platform-browser_animations_async.js",
      "fileHash": "a58dc420",
      "needsInterop": false
    },
    "@angular/router": {
      "src": "../../../../../../node_modules/@angular/router/fesm2022/router.mjs",
      "file": "@angular_router.js",
      "fileHash": "d13bacfa",
      "needsInterop": false
    },
    "@primeng/themes/aura": {
      "src": "../../../../../../node_modules/@primeng/themes/aura/index.mjs",
      "file": "@primeng_themes_aura.js",
      "fileHash": "872816e3",
      "needsInterop": false
    },
    "ngx-owl-carousel-o": {
      "src": "../../../../../../node_modules/ngx-owl-carousel-o/fesm2022/ngx-owl-carousel-o.mjs",
      "file": "ngx-owl-carousel-o.js",
      "fileHash": "4184aa66",
      "needsInterop": false
    },
    "primeng/accordion": {
      "src": "../../../../../../node_modules/primeng/fesm2022/primeng-accordion.mjs",
      "file": "primeng_accordion.js",
      "fileHash": "72140335",
      "needsInterop": false
    },
    "primeng/api": {
      "src": "../../../../../../node_modules/primeng/fesm2022/primeng-api.mjs",
      "file": "primeng_api.js",
      "fileHash": "597f2506",
      "needsInterop": false
    },
    "primeng/avatar": {
      "src": "../../../../../../node_modules/primeng/fesm2022/primeng-avatar.mjs",
      "file": "primeng_avatar.js",
      "fileHash": "5c6b01d9",
      "needsInterop": false
    },
    "primeng/button": {
      "src": "../../../../../../node_modules/primeng/fesm2022/primeng-button.mjs",
      "file": "primeng_button.js",
      "fileHash": "3390fb84",
      "needsInterop": false
    },
    "primeng/card": {
      "src": "../../../../../../node_modules/primeng/fesm2022/primeng-card.mjs",
      "file": "primeng_card.js",
      "fileHash": "dcca62b7",
      "needsInterop": false
    },
    "primeng/checkbox": {
      "src": "../../../../../../node_modules/primeng/fesm2022/primeng-checkbox.mjs",
      "file": "primeng_checkbox.js",
      "fileHash": "7e24b712",
      "needsInterop": false
    },
    "primeng/config": {
      "src": "../../../../../../node_modules/primeng/fesm2022/primeng-config.mjs",
      "file": "primeng_config.js",
      "fileHash": "baa3b029",
      "needsInterop": false
    },
    "primeng/inputtext": {
      "src": "../../../../../../node_modules/primeng/fesm2022/primeng-inputtext.mjs",
      "file": "primeng_inputtext.js",
      "fileHash": "c9119bc3",
      "needsInterop": false
    },
    "primeng/skeleton": {
      "src": "../../../../../../node_modules/primeng/fesm2022/primeng-skeleton.mjs",
      "file": "primeng_skeleton.js",
      "fileHash": "446d0dfc",
      "needsInterop": false
    },
    "primeng/tag": {
      "src": "../../../../../../node_modules/primeng/fesm2022/primeng-tag.mjs",
      "file": "primeng_tag.js",
      "fileHash": "64711f07",
      "needsInterop": false
    },
    "primeng/toast": {
      "src": "../../../../../../node_modules/primeng/fesm2022/primeng-toast.mjs",
      "file": "primeng_toast.js",
      "fileHash": "e94ec204",
      "needsInterop": false
    },
    "rxjs": {
      "src": "../../../../../../node_modules/rxjs/dist/esm5/index.js",
      "file": "rxjs.js",
      "fileHash": "8992478f",
      "needsInterop": false
    },
    "rxjs/operators": {
      "src": "../../../../../../node_modules/rxjs/dist/esm5/operators/index.js",
      "file": "rxjs_operators.js",
      "fileHash": "494ace34",
      "needsInterop": false
    },
    "primeng/password": {
      "src": "../../../../../../node_modules/primeng/fesm2022/primeng-password.mjs",
      "file": "primeng_password.js",
      "fileHash": "ab54d03b",
      "needsInterop": false
    }
  },
  "chunks": {
    "browser-YIV6RPBU": {
      "file": "browser-YIV6RPBU.js"
    },
    "chunk-IB4STTQW": {
      "file": "chunk-IB4STTQW.js"
    },
    "chunk-B5GJOAP7": {
      "file": "chunk-B5GJOAP7.js"
    },
    "chunk-GGU72OC2": {
      "file": "chunk-GGU72OC2.js"
    },
    "chunk-VDS7XHFS": {
      "file": "chunk-VDS7XHFS.js"
    },
    "chunk-43QADFZI": {
      "file": "chunk-43QADFZI.js"
    },
    "chunk-ED26F4IY": {
      "file": "chunk-ED26F4IY.js"
    },
    "chunk-X3B2METP": {
      "file": "chunk-X3B2METP.js"
    },
    "chunk-GPJR6LQV": {
      "file": "chunk-GPJR6LQV.js"
    },
    "chunk-YRRB6RSA": {
      "file": "chunk-YRRB6RSA.js"
    },
    "chunk-HH3WINGH": {
      "file": "chunk-HH3WINGH.js"
    },
    "chunk-3TODVAF7": {
      "file": "chunk-3TODVAF7.js"
    },
    "chunk-E433ADEU": {
      "file": "chunk-E433ADEU.js"
    },
    "chunk-MWQOBAIN": {
      "file": "chunk-MWQOBAIN.js"
    },
    "chunk-QZHNVP4A": {
      "file": "chunk-QZHNVP4A.js"
    },
    "chunk-AO7IDZFV": {
      "file": "chunk-AO7IDZFV.js"
    },
    "chunk-K2EVNKXF": {
      "file": "chunk-K2EVNKXF.js"
    },
    "chunk-4N4GOYJH": {
      "file": "chunk-4N4GOYJH.js"
    },
    "chunk-5OPE3T2R": {
      "file": "chunk-5OPE3T2R.js"
    },
    "chunk-FHTVLBLO": {
      "file": "chunk-FHTVLBLO.js"
    },
    "chunk-WDMUDEB6": {
      "file": "chunk-WDMUDEB6.js"
    }
  }
}